<manifest><control namespace="PowerMaverick" constructor="MyDummyControlOne" version="0.0.1" display-name-key="MyDummyControlOne" description-key="MyDummyControlOne description" control-type="standard" preview-image="img/preview.png" api-version="1.2.3"><property name="dummy1Property" display-name-key="Attach Dummy 1" description-key="Attach Dummy 1" of-type="SingleLine.Text" usage="bound" required="true" /><resources><code path="bundle.js" order="1" /><css path="css/MyDummyControlOne.css" order="1" /><resx path="strings/MyDummyControlOne.1033.resx" version="1.0.0" /></resources><built-by name="pac" version="1.4.4" /></control></manifest>