<manifest><control namespace="PowerMeUp" constructor="ComponentLifeCycleExample" version="0.0.1" display-name-key="ComponentLifeCycleExample" description-key="ComponentLifeCycleExample description" control-type="standard" api-version="1.2.3"><property name="BoundProperty" display-name-key="BoundProperty" description-key="BoundProperty" of-type="SingleLine.TextArea" usage="bound" required="true" /><resources><code path="bundle.js" order="1" /><css path="css/Example.css" order="1" /></resources><built-by name="pac" version="1.4.4" /></control></manifest>