<ImportExportXml xmlns:xsi="http://www.w3.org/2001/XMLSchema-instance">
  <Entities>
    <Entity>
      <Name LocalizedName="Contact" OriginalName="">Contact</Name>
      <EntityInfo>
        <entity Name="Contact">
          <attributes>
            <attribute PhysicalName="pmu_LifeCycleOutput">
              <Type>nvarchar</Type>
              <Name>pmu_lifecycleoutput</Name>
              <LogicalName>pmu_lifecycleoutput</LogicalName>
              <RequiredLevel>none</RequiredLevel>
              <DisplayMask>ValidForAdvancedFind|ValidForForm|ValidForGrid</DisplayMask>
              <ImeMode>auto</ImeMode>
              <ValidForUpdateApi>1</ValidForUpdateApi>
              <ValidForReadApi>1</ValidForReadApi>
              <ValidForCreateApi>1</ValidForCreateApi>
              <IsCustomField>1</IsCustomField>
              <IsAuditEnabled>1</IsAuditEnabled>
              <IsSecured>0</IsSecured>
              <IntroducedVersion>1.0.0.0</IntroducedVersion>
              <IsCustomizable>1</IsCustomizable>
              <IsRenameable>1</IsRenameable>
              <CanModifySearchSettings>1</CanModifySearchSettings>
              <CanModifyRequirementLevelSettings>1</CanModifyRequirementLevelSettings>
              <CanModifyAdditionalSettings>1</CanModifyAdditionalSettings>
              <SourceType>0</SourceType>
              <IsGlobalFilterEnabled>0</IsGlobalFilterEnabled>
              <IsSortableEnabled>0</IsSortableEnabled>
              <CanModifyGlobalFilterSettings>1</CanModifyGlobalFilterSettings>
              <CanModifyIsSortableSettings>1</CanModifyIsSortableSettings>
              <IsDataSourceSecret>0</IsDataSourceSecret>
              <AutoNumberFormat></AutoNumberFormat>
              <IsSearchable>0</IsSearchable>
              <IsFilterable>0</IsFilterable>
              <IsRetrievable>0</IsRetrievable>
              <IsLocalizable>0</IsLocalizable>
              <Format>textarea</Format>
              <MaxLength>4000</MaxLength>
              <Length>8000</Length>
              <displaynames>
                <displayname description="Life Cycle Output" languagecode="1033" />
              </displaynames>
              <Descriptions>
                <Description description="" languagecode="1033" />
              </Descriptions>
            </attribute>
          </attributes>
        </entity>
      </EntityInfo>
      <FormXml>
        <forms type="main">
          <systemform>
            <formid>{10e36de8-aa08-417c-8b1e-6134f9c13a57}</formid>
            <IntroducedVersion>1.0.0.0</IntroducedVersion>
            <FormPresentation>1</FormPresentation>
            <FormActivationState>1</FormActivationState>
            <form showImage="true" shownavigationbar="true" maxWidth="1920" headerdensity="HighWithControls">
              <ancestor id="{1fed44d1-ae68-4a41-bd2b-f13acac4acfa}" />
              <hiddencontrols>
                <data id="fullname" datafieldname="fullname" classid="{5546E6CD-394C-4bee-94A8-4425E17EF6C6}" />
                <data id="address1_addressid" datafieldname="address1_addressid" classid="{5546E6CD-394C-4bee-94A8-4425E17EF6C6}" />
                <data id="address2_addressid" datafieldname="address2_addressid" classid="{5546E6CD-394C-4bee-94A8-4425E17EF6C6}" />
              </hiddencontrols>
              <tabs>
                <tab name="SUMMARY_TAB" id="{15bb2d4b-71da-74ea-3c5b-e497d78a55a2}" IsUserDefined="0" showlabel="true" expanded="true" labelid="{aba8334f-a968-41eb-ae66-371ee6411a77}" locklevel="0">
                  <labels>
                    <label description="Summary" languagecode="1033" />
                    <label description="Résumé" languagecode="1036" />
                    <label description="सारांश" languagecode="1081" />
                    <label description="Resumen" languagecode="3082" />
                  </labels>
                  <columns>
                    <column width="100%">
                      <sections>
                        <section name="CONTACT_INFORMATION" showlabel="true" showbar="false" id="{9d943649-0387-1882-caa1-36de40d5a86c}" IsUserDefined="0" layout="varwidth" columns="1" labelwidth="115" celllabelposition="Left" labelid="{c5a5bdc9-2a6a-4607-b3e6-ad2086a88e06}" height="auto">
                          <labels>
                            <label description="CONTACT INFORMATION" languagecode="1033" />
                            <label description="INFORMATIONS SUR LE CONTACT" languagecode="1036" />
                            <label description="संपर्क जानकारी" languagecode="1081" />
                            <label description="INFORMACIÓN DE CONTACTO" languagecode="3082" />
                          </labels>
                          <rows>
                            <row>
                              <cell id="{542e581d-cca1-5e40-e6d9-d67a9d1468b4}" showlabel="true" locklevel="0" labelid="{769ec383-9be7-40a8-8c57-9c65afaa8c1b}">
                                <labels>
                                  <label description="Full Name" languagecode="1033" />
                                  <label description="Nom complet" languagecode="1036" />
                                  <label description="पूरा नाम" languagecode="1081" />
                                  <label description="Nombre completo" languagecode="3082" />
                                </labels>
                                <control id="fullname" classid="{4273EDBD-AC1D-40d3-9FB2-095C621B552D}" datafieldname="fullname" disabled="false" />
                              </cell>
                            </row>
                            <row>
                              <cell id="{5a37370a-a550-e690-71c0-ee55d662693c}" showlabel="true" locklevel="0" auto="true" rowspan="4">
                                <labels>
                                  <label description="Life Cycle Output" languagecode="1033" />
                                </labels>
                                <control id="pmu_lifecycleoutput" classid="{F9A8A302-114E-466A-B582-6771B2AE0D92}" datafieldname="pmu_lifecycleoutput" disabled="false" uniqueid="{3463db32-9cb8-b371-9e86-2a2272d0d761}" />
                              </cell>
                            </row>
                            <row></row>
                            <row></row>
                            <row height="auto"></row>
                            <row>
                              <cell id="{07326cde-7529-ddc0-e421-c0bcddd07b8a}" showlabel="true" labelid="{e495d187-b873-45a1-a29e-0e1159faeef2}">
                                <labels>
                                  <label description="Job Title" languagecode="1033" />
                                  <label description="Fonction" languagecode="1036" />
                                  <label description="कार्य शीर्षक" languagecode="1081" />
                                  <label description="Puesto" languagecode="3082" />
                                </labels>
                                <control id="jobtitle" classid="{4273EDBD-AC1D-40d3-9FB2-095C621B552D}" datafieldname="jobtitle" disabled="false" />
                              </cell>
                            </row>
                            <row>
                              <cell id="{a54c19c9-4722-ce25-60c5-2bb9452680d2}" showlabel="true" locklevel="0" labelid="{19244613-5246-4a1f-9455-2994ecf27fef}">
                                <labels>
                                  <label description="Account Name" languagecode="1033" />
                                  <label description="Nom du compte" languagecode="1036" />
                                  <label description="खाता नाम" languagecode="1081" />
                                  <label description="Nombre de cuenta" languagecode="3082" />
                                </labels>
                                <control id="parentcustomerid" classid="{270BD3DB-D9AF-4782-9025-509E298DEC0A}" datafieldname="parentcustomerid" disabled="false" />
                              </cell>
                            </row>
                            <row>
                              <cell id="{7d538a97-98eb-b438-72de-57a808b9a308}" showlabel="true" labelid="{ea3c4ef8-ea9e-41bc-a6e2-fb0abc447f9e}">
                                <labels>
                                  <label description="Email" languagecode="1033" />
                                  <label description="Courrier électronique" languagecode="1036" />
                                  <label description="ईमेल" languagecode="1081" />
                                  <label description="Correo electrónico" languagecode="3082" />
                                </labels>
                                <control id="emailaddress1" classid="{ADA2203E-B4CD-49be-9DDF-234642B43B52}" datafieldname="emailaddress1" disabled="false" />
                              </cell>
                            </row>
                            <row>
                              <cell id="{215da2d0-2b64-3481-8d2d-16107d4d7e5b}" showlabel="true" labelid="{8cb61062-621a-4113-9cbb-dc5736daa540}">
                                <labels>
                                  <label description="Business Phone" languagecode="1033" />
                                  <label description="Téléphone professionel" languagecode="1036" />
                                  <label description="व्यवसाय फ़ोन" languagecode="1081" />
                                  <label description="Teléfono del trabajo" languagecode="3082" />
                                </labels>
                                <control id="telephone1" classid="{4273EDBD-AC1D-40d3-9FB2-095C621B552D}" datafieldname="telephone1" disabled="false" />
                              </cell>
                            </row>
                            <row>
                              <cell id="{290b48ba-c0cc-7746-6dda-93e240e4cc78}" showlabel="true" labelid="{2831e4ce-9de2-4116-ad0a-3888765a17f6}">
                                <labels>
                                  <label description="Mobile Phone" languagecode="1033" />
                                  <label description="Téléphone mobile" languagecode="1036" />
                                  <label description="मोबाइल फ़ोन" languagecode="1081" />
                                  <label description="Teléfono móvil" languagecode="3082" />
                                </labels>
                                <control id="mobilephone" classid="{4273EDBD-AC1D-40d3-9FB2-095C621B552D}" datafieldname="mobilephone" disabled="false" />
                              </cell>
                            </row>
                            <row>
                              <cell id="{1b54cdb3-1582-c29e-cc9e-9d4bc2a5700b}" showlabel="true" labelid="{9add5214-a345-43f5-8881-4f887eec1aee}">
                                <labels>
                                  <label description="Fax" languagecode="1033" />
                                  <label description="Télécopie" languagecode="1036" />
                                  <label description="फ़ैक्स" languagecode="1081" />
                                  <label description="Fax" languagecode="3082" />
                                </labels>
                                <control id="fax" classid="{4273EDBD-AC1D-40d3-9FB2-095C621B552D}" datafieldname="fax" disabled="false" />
                              </cell>
                            </row>
                            <row>
                              <cell id="{408dda0b-48a7-c05c-e29a-56a93eb97172}" showlabel="true" labelid="{e461b59d-cd4f-4ad7-b372-9bb7fbc3da94}">
                                <labels>
                                  <label description="Preferred Method of Contact" languagecode="1033" />
                                  <label description="Mode de communication privilégié" languagecode="1036" />
                                  <label description="संपर्क की पसंदीदा कार्यविधि" languagecode="1081" />
                                  <label description="Método de contacto preferido" languagecode="3082" />
                                </labels>
                                <control id="preferredcontactmethodcode" classid="{3EF39988-22BB-4f0b-BBBE-64B5A3748AEE}" datafieldname="preferredcontactmethodcode" disabled="false" />
                              </cell>
                            </row>
                            <row>
                              <cell id="{133d09d6-c374-954a-315b-435e1eeb722c}" showlabel="true" locklevel="0" labelid="{14f5d155-8b01-415a-b9b1-4c9b0a421ec8}">
                                <labels>
                                  <label description="Address" languagecode="1033" />
                                  <label description="Adresse" languagecode="1036" />
                                  <label description="पता" languagecode="1081" />
                                  <label description="Dirección" languagecode="3082" />
                                </labels>
                                <control id="address1_composite" classid="{E0DECE4B-6FC8-4a8f-A065-082708572369}" datafieldname="address1_composite" disabled="false" />
                              </cell>
                            </row>
                          </rows>
                        </section>
                      </sections>
                    </column>
                  </columns>
                </tab>
                <tab name="DETAILS_TAB" id="{fe1c5c3b-d556-4552-a444-4781214a6d63}" IsUserDefined="0" expanded="true" showlabel="true" labelid="{b58a5e66-ba03-4973-93ac-44f9de162186}">
                  <labels>
                    <label description="Details" languagecode="1033" />
                    <label description="Détails" languagecode="1036" />
                    <label description="विवरण" languagecode="1081" />
                    <label description="Detalles" languagecode="3082" />
                  </labels>
                  <columns>
                    <column width="34%">
                      <sections>
                        <section name="PERSONAL INFORMATION" showlabel="true" showbar="false" id="{0F64B9A3-01F2-4411-B0B5-6C6C39D7B011}" IsUserDefined="0" columns="1" labelwidth="115" celllabelposition="Left" labelid="{4b860818-693e-4bf9-8341-2504b1484241}">
                          <labels>
                            <label description="PERSONAL" languagecode="1033" />
                            <label description="PERSONNEL" languagecode="1036" />
                            <label description="व्यक्तिगत" languagecode="1081" />
                            <label description="PERSONAL" languagecode="3082" />
                          </labels>
                          <rows>
                            <row>
                              <cell id="{cb391eb8-02ec-0ee6-9d92-6996d4311809}" showlabel="true" labelid="{0cd4e00c-644f-4f18-98ad-50215ed33912}">
                                <labels>
                                  <label description="Gender" languagecode="1033" />
                                  <label description="Sexe" languagecode="1036" />
                                  <label description="लिंग" languagecode="1081" />
                                  <label description="Sexo" languagecode="3082" />
                                </labels>
                                <control id="gendercode" classid="{3EF39988-22BB-4f0b-BBBE-64B5A3748AEE}" datafieldname="gendercode" disabled="false" />
                              </cell>
                            </row>
                            <row>
                              <cell id="{2d8cee50-7123-01e7-c2cc-0068c0ecc4c0}" showlabel="true" labelid="{aa451af6-1c32-46d0-93e7-58c01b95408f}">
                                <labels>
                                  <label description="Marital Status" languagecode="1033" />
                                  <label description="État civil" languagecode="1036" />
                                  <label description="वैवाहिक स्थिति" languagecode="1081" />
                                  <label description="Estado civil" languagecode="3082" />
                                </labels>
                                <control id="familystatuscode" classid="{3EF39988-22BB-4f0b-BBBE-64B5A3748AEE}" datafieldname="familystatuscode" disabled="false" />
                              </cell>
                            </row>
                            <row>
                              <cell id="{450c5a59-c7de-1289-0934-9a04bc4e1c72}" showlabel="true" labelid="{0ad40c44-1c3e-4e2c-aa23-8c9cd2132092}">
                                <labels>
                                  <label description="Spouse/Partner Name" languagecode="1033" />
                                  <label description="Nom du (de la) conjoint(e)/partenaire" languagecode="1036" />
                                  <label description="पति/पत्नी/जीवनसाथी का नाम" languagecode="1081" />
                                  <label description="Nombre del cónyuge o pareja" languagecode="3082" />
                                </labels>
                                <control id="spousesname" classid="{4273EDBD-AC1D-40d3-9FB2-095C621B552D}" datafieldname="spousesname" disabled="false" />
                              </cell>
                            </row>
                            <row>
                              <cell id="{bac50a31-27a0-c7e2-3ab3-5d6aa8895c6e}" showlabel="true" labelid="{b7e0428a-7eff-43ae-81e5-f9025fb7a163}">
                                <labels>
                                  <label description="Birthday" languagecode="1033" />
                                  <label description="Date de naissance" languagecode="1036" />
                                  <label description="जन्मदिवस" languagecode="1081" />
                                  <label description="Cumpleaños" languagecode="3082" />
                                </labels>
                                <control id="birthdate" classid="{5B773807-9FB2-42db-97C3-7A91EFF8ADFF}" datafieldname="birthdate" disabled="false" />
                              </cell>
                            </row>
                            <row>
                              <cell id="{ba714204-2499-db47-78e0-d8795307301d}" showlabel="true" labelid="{9416e2ee-c619-4577-b558-2a6bacf0e395}">
                                <labels>
                                  <label description="Anniversary" languagecode="1033" />
                                  <label description="Date d'anniversaire" languagecode="1036" />
                                  <label description="वर्षगाँठ" languagecode="1081" />
                                  <label description="Aniversario" languagecode="3082" />
                                </labels>
                                <control id="anniversary" classid="{5B773807-9FB2-42db-97C3-7A91EFF8ADFF}" datafieldname="anniversary" disabled="false" />
                              </cell>
                            </row>
                          </rows>
                        </section>
                      </sections>
                    </column>
                    <column width="33%">
                      <sections>
                        <section name="CONTACT_PREFERENCES" showlabel="true" showbar="false" id="{42aa148d-17fa-4c73-8213-bd22400b74ea}" IsUserDefined="0" columns="1" labelwidth="115" celllabelposition="Left" labelid="{ab80d92f-51f1-46f0-97b7-dcc80145e002}">
                          <labels>
                            <label description="CONTACT PREFERENCES" languagecode="1033" />
                            <label description="PRÉFÉRENCES DE CONTACT" languagecode="1036" />
                            <label description="संपर्क वरीयताएँ" languagecode="1081" />
                            <label description="PREFERENCIAS DE CONTACTO" languagecode="3082" />
                          </labels>
                          <rows>
                            <row>
                              <cell id="{d4ec2d52-6658-cee9-4a2a-7a8029ad1862}" showlabel="true" locklevel="0" labelid="{3aca4925-de39-4ea5-b190-65ba8fece8b1}">
                                <labels>
                                  <label description="Contact Method" languagecode="1033" />
                                  <label description="Mode de communication" languagecode="1036" />
                                  <label description="संपर्क विधि" languagecode="1081" />
                                  <label description="Método de contacto" languagecode="3082" />
                                </labels>
                                <control id="preferredcontactmethodcode" classid="{3EF39988-22BB-4f0b-BBBE-64B5A3748AEE}" datafieldname="preferredcontactmethodcode" disabled="false" />
                              </cell>
                            </row>
                            <row>
                              <cell id="{f0b4951b-b5ec-4103-b69d-7ac2ad176ee4}" labelid="{29faf00f-27cd-4b76-a554-a3fc66320bac}">
                                <labels>
                                  <label description="Email" languagecode="1033" />
                                  <label description="Courrier électronique" languagecode="1036" />
                                  <label description="ईमेल" languagecode="1081" />
                                  <label description="Correo electrónico" languagecode="3082" />
                                </labels>
                                <control id="donotemail" classid="{67FAC785-CD58-4f9f-ABB3-4B7DDC6ED5ED}" datafieldname="donotemail" />
                              </cell>
                            </row>
                            <row>
                              <cell id="{2344e926-ebe5-43a9-a634-98a98b1b9267}" labelid="{2cdfc5fd-ba24-48f4-9ce8-79bde9cf4b8e}">
                                <labels>
                                  <label description="Follow Email" languagecode="1033" />
                                  <label description="Suivre le courrier électronique" languagecode="1036" />
                                  <label description="ईमेल का अनुसरण करें" languagecode="1081" />
                                  <label description="Seguir correo" languagecode="3082" />
                                </labels>
                                <control id="followemail" classid="{67FAC785-CD58-4f9f-ABB3-4B7DDC6ED5ED}" datafieldname="followemail" />
                              </cell>
                            </row>
                            <row>
                              <cell id="{041968bd-14fe-486a-baa0-719e7691e6ee}" labelid="{3aa31c5e-5555-4d16-9932-d57410b932a7}">
                                <labels>
                                  <label description="Bulk Email" languagecode="1033" />
                                  <label description="Envoi en nombre" languagecode="1036" />
                                  <label description="सामूहिक ईमेल" languagecode="1081" />
                                  <label description="Correo electrónico en masa" languagecode="3082" />
                                </labels>
                                <control id="donotbulkemail" classid="{67FAC785-CD58-4f9f-ABB3-4B7DDC6ED5ED}" datafieldname="donotbulkemail" />
                              </cell>
                            </row>
                            <row>
                              <cell id="{569cf3bd-3b14-46d8-a03a-22e6317d1d41}" labelid="{3863f238-a072-490a-92f4-8bb6c99083b6}">
                                <labels>
                                  <label description="Phone" languagecode="1033" />
                                  <label description="Téléphone" languagecode="1036" />
                                  <label description="फ़ोन" languagecode="1081" />
                                  <label description="Teléfono" languagecode="3082" />
                                </labels>
                                <control id="donotphone" classid="{67FAC785-CD58-4f9f-ABB3-4B7DDC6ED5ED}" datafieldname="donotphone" />
                              </cell>
                            </row>
                            <row>
                              <cell id="{28d804f2-b314-42f6-92f8-982f4929bd6f}" labelid="{2d9d6d23-0838-4386-bc08-f6164acb3148}">
                                <labels>
                                  <label description="Fax" languagecode="1033" />
                                  <label description="Télécopie" languagecode="1036" />
                                  <label description="फ़ैक्स" languagecode="1081" />
                                  <label description="Fax" languagecode="3082" />
                                </labels>
                                <control id="donotfax" classid="{67FAC785-CD58-4f9f-ABB3-4B7DDC6ED5ED}" datafieldname="donotfax" />
                              </cell>
                            </row>
                            <row>
                              <cell id="{dfe9aafd-1acc-488d-b31e-feef6f63a34d}" labelid="{e437f00e-5550-4117-8a02-68132afcc8f2}">
                                <labels>
                                  <label description="Mail" languagecode="1033" />
                                  <label description="Courrier" languagecode="1036" />
                                  <label description="मेल" languagecode="1081" />
                                  <label description="Correo" languagecode="3082" />
                                </labels>
                                <control id="donotpostalmail" classid="{67FAC785-CD58-4f9f-ABB3-4B7DDC6ED5ED}" datafieldname="donotpostalmail" />
                              </cell>
                            </row>
                          </rows>
                        </section>
                      </sections>
                    </column>
                    <column width="33%">
                      <sections>
                        <section name="billing information" showlabel="true" showbar="false" id="{4565ac06-d780-4467-9baa-d03d6af45ae7}" IsUserDefined="0" columns="1" labelwidth="115" celllabelposition="Left" labelid="{2d018b59-3b79-47ff-865e-1f932053ee82}">
                          <labels>
                            <label description="BILLING" languagecode="1033" />
                            <label description="FACTURATION" languagecode="1036" />
                            <label description="बिलिंग" languagecode="1081" />
                            <label description="FACTURACIÓN" languagecode="3082" />
                          </labels>
                          <rows>
                            <row>
                              <cell id="{4e7b2783-1a45-4a13-bfd6-e12915e74161}" labelid="{d2b256a0-dad8-4bc4-89a3-d356e1e18b4b}">
                                <labels>
                                  <label description="Currency" languagecode="1033" />
                                  <label description="Devise" languagecode="1036" />
                                  <label description="मुद्रा" languagecode="1081" />
                                  <label description="Divisa" languagecode="3082" />
                                </labels>
                                <control id="transactioncurrencyid" classid="{270BD3DB-D9AF-4782-9025-509E298DEC0A}" datafieldname="transactioncurrencyid" />
                              </cell>
                            </row>
                            <row>
                              <cell id="{6b03860a-a677-48f1-bfdc-a04faf8b151c}" labelid="{015f778d-af6a-4448-920f-9be55c429945}">
                                <labels>
                                  <label description="Credit Limit" languagecode="1033" />
                                  <label description="Limite de crédit" languagecode="1036" />
                                  <label description="क्रेडिट सीमा" languagecode="1081" />
                                  <label description="Límite del crédito" languagecode="3082" />
                                </labels>
                                <control id="creditlimit" classid="{533B9E00-756B-4312-95A0-DC888637AC78}" datafieldname="creditlimit" />
                              </cell>
                            </row>
                            <row>
                              <cell id="{64e56163-0a77-46c9-9872-50b94d661d96}" labelid="{e8a1b8cc-e87d-4e7a-8057-7527e3c8ce68}">
                                <labels>
                                  <label description="Credit Hold" languagecode="1033" />
                                  <label description="Suspension de crédit" languagecode="1036" />
                                  <label description="क्रेडिट नियंत्रण" languagecode="1081" />
                                  <label description="Suspensión de crédito" languagecode="3082" />
                                </labels>
                                <control id="creditonhold" classid="{67FAC785-CD58-4f9f-ABB3-4B7DDC6ED5ED}" datafieldname="creditonhold" />
                              </cell>
                            </row>
                            <row>
                              <cell id="{9980090e-c75b-4bc9-834f-63ba6e3a93f2}" labelid="{e694b68b-5e1c-4228-a6b6-1d31406ef28a}">
                                <labels>
                                  <label description="Payment Terms" languagecode="1033" />
                                  <label description="Conditions de paiement" languagecode="1036" />
                                  <label description="भुगतान शर्तें" languagecode="1081" />
                                  <label description="Condiciones de pago" languagecode="3082" />
                                </labels>
                                <control id="paymenttermscode" classid="{3EF39988-22BB-4f0b-BBBE-64B5A3748AEE}" datafieldname="paymenttermscode" />
                              </cell>
                            </row>
                          </rows>
                        </section>
                        <section name="shipping information" showlabel="true" showbar="false" id="{19e024e7-16f7-40c6-a1d6-e8672a639011}" IsUserDefined="0" columns="1" labelwidth="115" celllabelposition="Left" labelid="{ec605846-55ac-46ad-840c-f1fa17a22def}">
                          <labels>
                            <label description="SHIPPING" languagecode="1033" />
                            <label description="EXPÉDITION" languagecode="1036" />
                            <label description="परिवहन" languagecode="1081" />
                            <label description="ENVÍO" languagecode="3082" />
                          </labels>
                          <rows>
                            <row>
                              <cell id="{aa10fd1b-42f6-4e26-b42c-6ab4effc54d0}" labelid="{be2f1728-e59d-42d3-a52e-f480a0a5cd30}">
                                <labels>
                                  <label description="Shipping Method" languagecode="1033" />
                                  <label description="Mode de livraison" languagecode="1036" />
                                  <label description="परिवहन विधि" languagecode="1081" />
                                  <label description="Modo de envío" languagecode="3082" />
                                </labels>
                                <control id="address1_shippingmethodcode" classid="{3EF39988-22BB-4f0b-BBBE-64B5A3748AEE}" datafieldname="address1_shippingmethodcode" />
                              </cell>
                            </row>
                            <row>
                              <cell id="{bbb8d9cb-6c80-47f2-885b-d4a5d6384c07}" labelid="{26b28a4d-6d38-4e62-b2cb-813e5c1b6c94}">
                                <labels>
                                  <label description="Freight Terms" languagecode="1033" />
                                  <label description="Conditions de transport" languagecode="1036" />
                                  <label description="परिवहन की शर्तें" languagecode="1081" />
                                  <label description="Condiciones de flete" languagecode="3082" />
                                </labels>
                                <control id="address1_freighttermscode" classid="{3EF39988-22BB-4f0b-BBBE-64B5A3748AEE}" datafieldname="address1_freighttermscode" />
                              </cell>
                            </row>
                          </rows>
                        </section>
                      </sections>
                    </column>
                  </columns>
                </tab>
              </tabs>
              <header id="{3ff9aa06-4e43-41ce-afa9-22a038af5c19}" celllabelposition="Top" columns="1" labelwidth="115">
                <rows>
                  <row>
                    <cell id="{24be01cc-16a6-8eea-8916-42d20a1097ae}" showlabel="true" locklevel="1" labelid="{e2e63f24-a5c4-4a8e-ba7f-73207fce1d33}">
                      <labels>
                        <label description="Owner" languagecode="1033" />
                        <label description="Propriétaire" languagecode="1036" />
                        <label description="स्वामी" languagecode="1081" />
                        <label description="Propietario" languagecode="3082" />
                      </labels>
                      <control id="header_ownerid" classid="{270BD3DB-D9AF-4782-9025-509E298DEC0A}" datafieldname="ownerid" />
                    </cell>
                  </row>
                </rows>
              </header>
              <clientresources>
                <internalresources>
                  <clientincludes>
                    <internaljscriptfile src="$webresource:AppCommon/Contact/Contact_main_system_library.js" />
                  </clientincludes>
                </internalresources>
              </clientresources>
              <events>
                <event name="onload" application="true" active="true">
                  <InternalHandlers>
                    <Handler functionName="AppCommon.Contact.Instance.form_onload" libraryName="AppCommon/Contact/Contact_main_system_library.js" handlerUniqueId="4ea24ebd-795d-434e-af94-6812c3867b54" enabled="true" />
                  </InternalHandlers>
                </event>
              </events>
              <Navigation>
                <NavBar>
                  <NavBarByRelationshipItem RelationshipName="Contact_CustomerAddress" Id="navAddresses" Sequence="10" Area="Info" Show="false">
                    <Privileges>
                      <Privilege Entity="" Privilege="ReadActivity" />
                    </Privileges>
                    <Titles>
                      <Title LCID="1033" Text="Addresses" />
                      <Title LCID="1025" Text="العناوين" />
                      <Title LCID="1026" Text="Адреси" />
                      <Title LCID="1027" Text="Adreces" />
                      <Title LCID="1029" Text="Adresy" />
                      <Title LCID="1030" Text="Adresser" />
                      <Title LCID="1031" Text="Adressen" />
                      <Title LCID="1032" Text="Διευθύνσεις" />
                      <Title LCID="3082" Text="Direcciones" />
                      <Title LCID="1061" Text="Aadressid" />
                      <Title LCID="1069" Text="Helbideak" />
                      <Title LCID="1035" Text="Osoitteet" />
                      <Title LCID="1036" Text="Adresses" />
                      <Title LCID="1110" Text="Enderezos" />
                      <Title LCID="1037" Text="כתובות" />
                      <Title LCID="1081" Text="पते" />
                      <Title LCID="1050" Text="Adrese" />
                      <Title LCID="1038" Text="Címek" />
                      <Title LCID="1057" Text="Alamat" />
                      <Title LCID="1040" Text="Indirizzi" />
                      <Title LCID="1041" Text="住所" />
                      <Title LCID="1087" Text="Мекенжайлар" />
                      <Title LCID="1042" Text="주소" />
                      <Title LCID="1063" Text="Adresai" />
                      <Title LCID="1062" Text="Adreses" />
                      <Title LCID="1086" Text="Alamat" />
                      <Title LCID="1044" Text="Adresser" />
                      <Title LCID="1043" Text="Adressen" />
                      <Title LCID="1045" Text="Adresy" />
                      <Title LCID="1046" Text="Endereços" />
                      <Title LCID="2070" Text="Endereços" />
                      <Title LCID="1048" Text="Adrese" />
                      <Title LCID="1049" Text="Адреса" />
                      <Title LCID="1051" Text="Adresy" />
                      <Title LCID="1060" Text="Naslovi" />
                      <Title LCID="10266" Text="Адресе" />
                      <Title LCID="9242" Text="Adrese" />
                      <Title LCID="1053" Text="Adresser" />
                      <Title LCID="1054" Text="ที่อยู่" />
                      <Title LCID="1055" Text="Adresler" />
                      <Title LCID="1058" Text="Адреси" />
                      <Title LCID="1066" Text="Địa chỉ" />
                      <Title LCID="2052" Text="地址" />
                      <Title LCID="3076" Text="地址" />
                      <Title LCID="1028" Text="地址" />
                      <Title LCID="3098" Text="Адресе" />
                      <Title LCID="2074" Text="Adrese" />
                    </Titles>
                  </NavBarByRelationshipItem>
                  <NavBarByRelationshipItem RelationshipName="contact_customer_contacts" Id="navSubConts" Sequence="10" Area="Info" Show="false">
                    <Privileges>
                      <Privilege Entity="" Privilege="ReadActivity" />
                    </Privileges>
                    <Titles>
                      <Title LCID="1033" Text="Contacts" />
                      <Title LCID="1025" Text="جهات الاتصال" />
                      <Title LCID="1026" Text="Контакти" />
                      <Title LCID="1027" Text="Contactes" />
                      <Title LCID="1029" Text="Kontakty" />
                      <Title LCID="1030" Text="Kontakter" />
                      <Title LCID="1031" Text="Kontakte" />
                      <Title LCID="1032" Text="Επαφές" />
                      <Title LCID="3082" Text="Contactos" />
                      <Title LCID="1061" Text="Kontaktid" />
                      <Title LCID="1069" Text="Kontaktuak" />
                      <Title LCID="1035" Text="Yhteyshenkilöt" />
                      <Title LCID="1036" Text="Contacts" />
                      <Title LCID="1110" Text="Contactos" />
                      <Title LCID="1037" Text="אנשי קשר" />
                      <Title LCID="1081" Text="संपर्क" />
                      <Title LCID="1050" Text="Kontakti" />
                      <Title LCID="1038" Text="Kapcsolattartók" />
                      <Title LCID="1057" Text="Kontak" />
                      <Title LCID="1040" Text="Contatti" />
                      <Title LCID="1041" Text="取引先担当者" />
                      <Title LCID="1087" Text="Контактілер" />
                      <Title LCID="1042" Text="연락처" />
                      <Title LCID="1063" Text="Kontaktai" />
                      <Title LCID="1062" Text="Kontaktpersonas" />
                      <Title LCID="1086" Text="Kenalan" />
                      <Title LCID="1044" Text="Kontakter" />
                      <Title LCID="1043" Text="Contactpersonen" />
                      <Title LCID="1045" Text="Kontakty" />
                      <Title LCID="1046" Text="Contatos" />
                      <Title LCID="2070" Text="Contactos" />
                      <Title LCID="1048" Text="Persoane de contact" />
                      <Title LCID="1049" Text="Контакты" />
                      <Title LCID="1051" Text="Kontakty" />
                      <Title LCID="1060" Text="Stiki" />
                      <Title LCID="10266" Text="Контакти" />
                      <Title LCID="9242" Text="Kontakti" />
                      <Title LCID="1053" Text="Kontakter" />
                      <Title LCID="1054" Text="ผู้ติดต่อ" />
                      <Title LCID="1055" Text="İlgili Kişiler" />
                      <Title LCID="1058" Text="Контактні особи" />
                      <Title LCID="1066" Text="Người liên hệ" />
                      <Title LCID="2052" Text="联系人" />
                      <Title LCID="3076" Text="連絡人" />
                      <Title LCID="1028" Text="連絡人" />
                      <Title LCID="3098" Text="Контакти" />
                      <Title LCID="2074" Text="Kontakti" />
                    </Titles>
                  </NavBarByRelationshipItem>
                  <NavBarByRelationshipItem RelationshipName="contact_customer_relationship_customer" Id="navRelationships" Sequence="10" Area="Info" Show="false">
                    <Privileges>
                      <Privilege Entity="" Privilege="ReadActivity" />
                    </Privileges>
                    <Titles>
                      <Title LCID="1033" Text="CustomerRelationship" />
                      <Title LCID="1025" Text="CustomerRelationship" />
                      <Title LCID="1026" Text="CustomerRelationship" />
                      <Title LCID="1027" Text="CustomerRelationship" />
                      <Title LCID="1029" Text="CustomerRelationship" />
                      <Title LCID="1030" Text="CustomerRelationship" />
                      <Title LCID="1031" Text="CustomerRelationship" />
                      <Title LCID="1032" Text="CustomerRelationship" />
                      <Title LCID="3082" Text="CustomerRelationship" />
                      <Title LCID="1061" Text="CustomerRelationship" />
                      <Title LCID="1069" Text="CustomerRelationship" />
                      <Title LCID="1035" Text="CustomerRelationship" />
                      <Title LCID="1036" Text="CustomerRelationship" />
                      <Title LCID="1110" Text="CustomerRelationship" />
                      <Title LCID="1037" Text="CustomerRelationship" />
                      <Title LCID="1081" Text="CustomerRelationship" />
                      <Title LCID="1050" Text="CustomerRelationship" />
                      <Title LCID="1038" Text="CustomerRelationship" />
                      <Title LCID="1057" Text="CustomerRelationship" />
                      <Title LCID="1040" Text="CustomerRelationship" />
                      <Title LCID="1041" Text="CustomerRelationship" />
                      <Title LCID="1087" Text="CustomerRelationship" />
                      <Title LCID="1042" Text="CustomerRelationship" />
                      <Title LCID="1063" Text="CustomerRelationship" />
                      <Title LCID="1062" Text="CustomerRelationship" />
                      <Title LCID="1086" Text="CustomerRelationship" />
                      <Title LCID="1044" Text="CustomerRelationship" />
                      <Title LCID="1043" Text="CustomerRelationship" />
                      <Title LCID="1045" Text="CustomerRelationship" />
                      <Title LCID="1046" Text="CustomerRelationship" />
                      <Title LCID="2070" Text="CustomerRelationship" />
                      <Title LCID="1048" Text="CustomerRelationship" />
                      <Title LCID="1049" Text="CustomerRelationship" />
                      <Title LCID="1051" Text="CustomerRelationship" />
                      <Title LCID="1060" Text="CustomerRelationship" />
                      <Title LCID="10266" Text="CustomerRelationship" />
                      <Title LCID="9242" Text="CustomerRelationship" />
                      <Title LCID="1053" Text="CustomerRelationship" />
                      <Title LCID="1054" Text="CustomerRelationship" />
                      <Title LCID="1055" Text="CustomerRelationship" />
                      <Title LCID="1058" Text="CustomerRelationship" />
                      <Title LCID="1066" Text="CustomerRelationship" />
                      <Title LCID="2052" Text="CustomerRelationship" />
                      <Title LCID="3076" Text="CustomerRelationship" />
                      <Title LCID="1028" Text="CustomerRelationship" />
                      <Title LCID="3098" Text="CustomerRelationship" />
                      <Title LCID="2074" Text="CustomerRelationship" />
                    </Titles>
                  </NavBarByRelationshipItem>
                  <NavBarByRelationshipItem RelationshipName="hardcoded_{B7196B13-6B9D-42CD-BD58-B19A3953126F}navAsyncOperations" Sequence="9500" Area="ProcessCenter" Id="navAsyncOperations" Show="false">
                    <Titles>
                      <Title LCID="1033" Text="Workflows" />
                      <Title LCID="1025" Text="عمليات سير العمل" />
                      <Title LCID="1026" Text="Работни потоци" />
                      <Title LCID="1027" Text="Fluxos de treball" />
                      <Title LCID="1029" Text="Pracovní postupy" />
                      <Title LCID="1030" Text="Arbejdsprocesser" />
                      <Title LCID="1031" Text="Workflows" />
                      <Title LCID="1032" Text="Ροές εργασιών" />
                      <Title LCID="3082" Text="Flujos de trabajo" />
                      <Title LCID="1061" Text="Töövood" />
                      <Title LCID="1069" Text="Lan-fluxuak" />
                      <Title LCID="1035" Text="Työnkulut" />
                      <Title LCID="1036" Text="Workflows" />
                      <Title LCID="1110" Text="Fluxos de traballo" />
                      <Title LCID="1037" Text="זרימות עבודה" />
                      <Title LCID="1081" Text="कार्य प्रवाह" />
                      <Title LCID="1050" Text="Tjekovi rada" />
                      <Title LCID="1038" Text="Munkafolyamatok" />
                      <Title LCID="1057" Text="Alur Kerja" />
                      <Title LCID="1040" Text="Flussi di lavoro" />
                      <Title LCID="1041" Text="ワークフロー" />
                      <Title LCID="1087" Text="Жұмыс ағындары" />
                      <Title LCID="1042" Text="워크플로" />
                      <Title LCID="1063" Text="Darbo eigos" />
                      <Title LCID="1062" Text="Darbplūsmas" />
                      <Title LCID="1086" Text="Aliran Kerja" />
                      <Title LCID="1044" Text="Arbeidsflyter" />
                      <Title LCID="1043" Text="Werkstromen" />
                      <Title LCID="1045" Text="Przepływy pracy" />
                      <Title LCID="1046" Text="Fluxos de Trabalho" />
                      <Title LCID="2070" Text="Fluxos de Trabalho" />
                      <Title LCID="1048" Text="Fluxuri de lucru" />
                      <Title LCID="1049" Text="Бизнес-процессы" />
                      <Title LCID="1051" Text="Pracovné postupy" />
                      <Title LCID="1060" Text="Poteki dela" />
                      <Title LCID="10266" Text="Токови посла" />
                      <Title LCID="9242" Text="Tokovi posla" />
                      <Title LCID="1053" Text="Arbetsflöden" />
                      <Title LCID="1054" Text="เวิร์กโฟลว์" />
                      <Title LCID="1055" Text="İş Akışları" />
                      <Title LCID="1058" Text="Робочі цикли" />
                      <Title LCID="1066" Text="Quy trình làm việc" />
                      <Title LCID="2052" Text="工作流" />
                      <Title LCID="3076" Text="工作流程" />
                      <Title LCID="1028" Text="工作流程" />
                      <Title LCID="3098" Text="Токови посла" />
                      <Title LCID="2074" Text="Tokovi posla" />
                    </Titles>
                  </NavBarByRelationshipItem>
                  <NavBarByRelationshipItem RelationshipName="hardcoded_{B7196B13-6B9D-42CD-BD58-B19A3953126F}navProcessSessions" Sequence="9700" Area="ProcessCenter" Id="navProcessSessions" Show="false">
                    <Titles>
                      <Title LCID="1033" Text="Dialog Sessions" />
                      <Title LCID="1025" Text="جلسات عمل الحوار" />
                      <Title LCID="1026" Text="Диалогови сесии" />
                      <Title LCID="1027" Text="Sessions del diàleg" />
                      <Title LCID="1029" Text="Relace dialogů" />
                      <Title LCID="1030" Text="Dialogsessioner" />
                      <Title LCID="1031" Text="Dialogsitzungen" />
                      <Title LCID="1032" Text="Περίοδοι λειτουργίας παραθύρου διαλόγου" />
                      <Title LCID="3082" Text="Sesiones de diálogo" />
                      <Title LCID="1061" Text="Dialoogiseansid" />
                      <Title LCID="1069" Text="Elkarrizketa-saioak" />
                      <Title LCID="1035" Text="Dialogi-istunnot" />
                      <Title LCID="1036" Text="Sessions de dialogue" />
                      <Title LCID="1110" Text="Sesións de diálogo" />
                      <Title LCID="1037" Text="הפעלות דו-שיח" />
                      <Title LCID="1081" Text="संवाद सत्र" />
                      <Title LCID="1050" Text="Sesije dijaloga" />
                      <Title LCID="1038" Text="Párbeszéd-munkamenetek" />
                      <Title LCID="1057" Text="Sesi Dialog" />
                      <Title LCID="1040" Text="Sessioni di interazione" />
                      <Title LCID="1041" Text="ダイアログ セッション" />
                      <Title LCID="1087" Text="Диалог сеанстары" />
                      <Title LCID="1042" Text="대화 세션" />
                      <Title LCID="1063" Text="Dialogo seansai" />
                      <Title LCID="1062" Text="Dialogu sesijas" />
                      <Title LCID="1086" Text="Sesi Dialog" />
                      <Title LCID="1044" Text="Dialogøkter" />
                      <Title LCID="1043" Text="Dialoogvenstersessies" />
                      <Title LCID="1045" Text="Sesje dialogowe" />
                      <Title LCID="1046" Text="Sessões de Diálogo" />
                      <Title LCID="2070" Text="Sessões de Diálogo" />
                      <Title LCID="1048" Text="Sesiuni de dialog" />
                      <Title LCID="1049" Text="Сеансы диалогового окна" />
                      <Title LCID="1051" Text="Relácie dialógového okna" />
                      <Title LCID="1060" Text="Seje dialoga" />
                      <Title LCID="10266" Text="Сесије дијалога" />
                      <Title LCID="9242" Text="Sesije dijaloga" />
                      <Title LCID="1053" Text="Dialogsessioner" />
                      <Title LCID="1054" Text="เซสชันของกล่องโต้ตอบ" />
                      <Title LCID="1055" Text="Diyalog Oturumları" />
                      <Title LCID="1058" Text="Сеанси діалогу" />
                      <Title LCID="1066" Text="Phiên hộp thoại" />
                      <Title LCID="2052" Text="对话会话" />
                      <Title LCID="3076" Text="對話方塊工作階段" />
                      <Title LCID="1028" Text="對話方塊工作階段" />
                      <Title LCID="3098" Text="Сесије дијалога" />
                      <Title LCID="2074" Text="Sesije dijaloga" />
                    </Titles>
                  </NavBarByRelationshipItem>
                </NavBar>
                <NavBarAreas>
                  <NavBarArea Id="Info">
                    <Titles>
                      <Title LCID="1033" Text="Common" />
                    </Titles>
                  </NavBarArea>
                  <NavBarArea Id="Sales">
                    <Titles>
                      <Title LCID="1033" Text="Sales" />
                    </Titles>
                  </NavBarArea>
                  <NavBarArea Id="Service">
                    <Titles>
                      <Title LCID="1033" Text="Service" />
                    </Titles>
                  </NavBarArea>
                  <NavBarArea Id="Marketing">
                    <Titles>
                      <Title LCID="1033" Text="Marketing" />
                    </Titles>
                  </NavBarArea>
                  <NavBarArea Id="ProcessCenter">
                    <Titles>
                      <Title LCID="1033" Text="Process Sessions" />
                    </Titles>
                  </NavBarArea>
                </NavBarAreas>
              </Navigation>
              <controlDescriptions>
                <controlDescription forControl="{3ff9a528-dd50-4aca-8f10-2e5ed73513ad}">
                  <customControl formFactor="2" name="MscrmControls.CardFeedContainer.CardFeedContainer">
                    <parameters>
                      <data-set name="SubGrid">
                        <ViewId>{92AFD454-0F2E-4397-A1C8-05E37C6AD699}</ViewId>
                        <IsUserView>false</IsUserView>
                        <TargetEntityType>actioncard</TargetEntityType>
                        <FilteredViewIds>{92AFD454-0F2E-4397-A1C8-05E37C6AfD699}</FilteredViewIds>
                        <EnableViewPicker>false</EnableViewPicker>
                      </data-set>
                      <EntityTypeCode static="true" type="Decimal">2</EntityTypeCode>
                      <Location static="true" type="Decimal">1</Location>
                      <msinternal.isvisibleinmocaonly static="true">true</msinternal.isvisibleinmocaonly>
                    </parameters>
                  </customControl>
                  <customControl formFactor="0" name="MscrmControls.CardFeedContainer.CardFeedContainer">
                    <parameters>
                      <data-set name="SubGrid">
                        <ViewId>{92AFD454-0F2E-4397-A1C8-05E37C6AD699}</ViewId>
                        <IsUserView>false</IsUserView>
                        <TargetEntityType>actioncard</TargetEntityType>
                        <FilteredViewIds>{92AFD454-0F2E-4397-A1C8-05E37C6AfD699}</FilteredViewIds>
                        <EnableViewPicker>false</EnableViewPicker>
                      </data-set>
                      <EntityTypeCode static="true" type="Decimal">2</EntityTypeCode>
                      <Location static="true" type="Decimal">1</Location>
                      <msinternal.isvisibleinmocaonly static="true">true</msinternal.isvisibleinmocaonly>
                    </parameters>
                  </customControl>
                  <customControl formFactor="1" name="MscrmControls.CardFeedContainer.CardFeedContainer">
                    <parameters>
                      <data-set name="SubGrid">
                        <ViewId>{92AFD454-0F2E-4397-A1C8-05E37C6AD699}</ViewId>
                        <IsUserView>false</IsUserView>
                        <TargetEntityType>actioncard</TargetEntityType>
                        <FilteredViewIds>{92AFD454-0F2E-4397-A1C8-05E37C6AfD699}</FilteredViewIds>
                        <EnableViewPicker>false</EnableViewPicker>
                      </data-set>
                      <EntityTypeCode static="true" type="Decimal">2</EntityTypeCode>
                      <Location static="true" type="Decimal">1</Location>
                      <msinternal.isvisibleinmocaonly static="true">true</msinternal.isvisibleinmocaonly>
                    </parameters>
                  </customControl>
                </controlDescription>
                <controlDescription forControl="{3463db32-9cb8-b371-9e86-2a2272d0d761}">
                  <customControl id="{E0DECE4B-6FC8-4a8f-A065-082708572369}">
                    <parameters>
                      <datafieldname>pmu_lifecycleoutput</datafieldname>
                    </parameters>
                  </customControl>
                  <customControl formFactor="0" name="pmu_PowerMeUp.ComponentLifeCycleExample">
                    <parameters>
                      <BoundProperty>pmu_lifecycleoutput</BoundProperty>
                    </parameters>
                  </customControl>
                  <customControl formFactor="1" name="pmu_PowerMeUp.ComponentLifeCycleExample">
                    <parameters>
                      <BoundProperty>pmu_lifecycleoutput</BoundProperty>
                    </parameters>
                  </customControl>
                  <customControl formFactor="2" name="pmu_PowerMeUp.ComponentLifeCycleExample">
                    <parameters>
                      <BoundProperty>pmu_lifecycleoutput</BoundProperty>
                    </parameters>
                  </customControl>
                </controlDescription>
              </controlDescriptions>
              <footer id="{459986ab-3ba8-414c-950c-48b4b0650635}" celllabelposition="Top" columns="111" labelwidth="115" celllabelalignment="Left">
                <rows>
                  <row>
                    <cell id="{8fff0b29-1fc9-49c0-b156-5e833a2b437a}" showlabel="false" labelid="{4922fd99-080d-46cf-92f8-02e99b0e223b}">
                      <labels>
                        <label description="" languagecode="1033" />
                      </labels>
                    </cell>
                    <cell id="{ef62acd1-4d1f-4ecd-b16f-980a2a3aa5f1}" showlabel="false" labelid="{1fa1ffb9-0669-4060-b826-ffe6e54d0069}">
                      <labels>
                        <label description="" languagecode="1033" />
                      </labels>
                    </cell>
                    <cell id="{36db6fb3-d651-458b-8520-b7751f24d20c}" showlabel="false" labelid="{123e31b8-0beb-48c4-ba0d-f0863cd484d6}">
                      <labels>
                        <label description="" languagecode="1033" />
                      </labels>
                    </cell>
                  </row>
                </rows>
              </footer>
              <DisplayConditions FallbackForm="true" Order="7">
                <Role Id="{627090ff-40a3-4053-8790-584edc5be201}" />
                <Role Id="{119f245c-3cc8-4b62-b31c-d1a046ced15d}" />
              </DisplayConditions>
            </form>
            <IsCustomizable>1</IsCustomizable>
            <CanBeDeleted>1</CanBeDeleted>
            <LocalizedNames>
              <LocalizedName description="Life Cycle Test Form" languagecode="1033" />
            </LocalizedNames>
          </systemform>
        </forms>
      </FormXml>
      <RibbonDiffXml>
        <CustomActions />
        <Templates>
          <RibbonTemplates Id="Mscrm.Templates"></RibbonTemplates>
        </Templates>
        <CommandDefinitions />
        <RuleDefinitions>
          <TabDisplayRules />
          <DisplayRules />
          <EnableRules />
        </RuleDefinitions>
        <LocLabels />
      </RibbonDiffXml>
    </Entity>
  </Entities>
  <Roles></Roles>
  <Workflows>
    <Workflow WorkflowId="{3a26a6f6-e958-eb11-a812-000d3a59966d}" Name="Rule for Life Cycle Output" Description="Click to add description">
      <XamlFileName>/Workflows/RuleforLifeCycleOutput-3A26A6F6-E958-EB11-A812-000D3A59966D.xaml</XamlFileName>
      <Type>1</Type>
      <Subprocess>0</Subprocess>
      <Category>2</Category>
      <Mode>1</Mode>
      <Scope>4</Scope>
      <OnDemand>0</OnDemand>
      <TriggerOnCreate>0</TriggerOnCreate>
      <TriggerOnDelete>0</TriggerOnDelete>
      <AsyncAutodelete>0</AsyncAutodelete>
      <SyncWorkflowLogOnFailure>0</SyncWorkflowLogOnFailure>
      <StateCode>1</StateCode>
      <StatusCode>2</StatusCode>
      <RunAs>1</RunAs>
      <IsTransacted>1</IsTransacted>
      <IntroducedVersion>1.0.0.0</IntroducedVersion>
      <IsCustomizable>1</IsCustomizable>
      <BusinessProcessType>0</BusinessProcessType>
      <IsCustomProcessingStepAllowedForOtherPublishers>1</IsCustomProcessingStepAllowedForOtherPublishers>
      <ProcessTriggerFormId>{10e36de8-aa08-417c-8b1e-6134f9c13a57}</ProcessTriggerFormId>
      <ProcessTriggerScope>1</ProcessTriggerScope>
      <PrimaryEntity>Contact</PrimaryEntity>
      <LocalizedNames>
        <LocalizedName languagecode="1033" description="Rule for Life Cycle Output" />
      </LocalizedNames>
      <Descriptions>
        <Description languagecode="1033" description="Click to add description" />
      </Descriptions>
      <labels>
        <steplabels id="{6529df8a-bbb2-4ef8-a0cc-1a74e11b29e9}">
          <label languagecode="1033" description="Host does not accept his value." />
        </steplabels>
      </labels>
    </Workflow>
  </Workflows>
  <FieldSecurityProfiles></FieldSecurityProfiles>
  <Templates />
  <EntityMaps />
  <EntityRelationships />
  <OrganizationSettings />
  <optionsets />
  <CustomControls>
    <CustomControl>
      <Name>pmu_PowerMeUp.ComponentLifeCycleExample</Name>
      <FileName>/Controls/pmu_PowerMeUp.ComponentLifeCycleExample/ControlManifest.xml</FileName>
    </CustomControl>
  </CustomControls>
  <AppModuleSiteMaps>
    <AppModuleSiteMap>
      <SiteMapUniqueName>pmu_ComponentLifeCycle</SiteMapUniqueName>
      <SiteMap IntroducedVersion="7.0.0.0">
        <Area Id="New_Area" ResourceId="SitemapDesigner.NewArea" DescriptionResourceId="SitemapDesigner.NewArea" ShowGroups="true" IntroducedVersion="7.0.0.0">
          <Titles>
            <Title LCID="1033" Title="Main" />
          </Titles>
          <Group Id="New_Group" ResourceId="SitemapDesigner.NewGroup" DescriptionResourceId="SitemapDesigner.NewGroup" IntroducedVersion="7.0.0.0" IsProfile="false" ToolTipResourseId="SitemapDesigner.Unknown">
            <Titles>
              <Title LCID="1033" Title="Testing" />
            </Titles>
            <SubArea Id="New_SubArea" Icon="/_imgs/imagestrips/transparent_spacer.gif" IntroducedVersion="7.0.0.0" Entity="contact" Client="All,Outlook,OutlookLaptopClient,OutlookWorkstationClient,Web" AvailableOffline="true" PassParams="false" Sku="All,OnPremise,Live,SPLA" />
          </Group>
        </Area>
      </SiteMap>
      <LocalizedNames>
        <LocalizedName description="Component Life Cycle" languagecode="1033" />
      </LocalizedNames>
    </AppModuleSiteMap>
  </AppModuleSiteMaps>
  <AppModules>
    <AppModule>
      <UniqueName>pmu_ComponentLifeCycle</UniqueName>
      <IntroducedVersion>1.0.0.0</IntroducedVersion>
      <WebResourceId>953b9fac-1e5e-e611-80d6-00155ded156f</WebResourceId>
      <OptimizedFor></OptimizedFor>
      <statecode>0</statecode>
      <statuscode>1</statuscode>
      <FormFactor>1</FormFactor>
      <ClientType>4</ClientType>
      <NavigationType>0</NavigationType>
      <AppModuleComponents>
        <AppModuleComponent type="62" schemaName="pmu_ComponentLifeCycle" />
        <AppModuleComponent type="1" schemaName="account" />
        <AppModuleComponent type="1" schemaName="contact" />
        <AppModuleComponent type="60" id="{10e36de8-aa08-417c-8b1e-6134f9c13a57}" />
      </AppModuleComponents>
      <AppModuleRoleMaps>
        <Role id="{627090ff-40a3-4053-8790-584edc5be201}" />
        <Role id="{119f245c-3cc8-4b62-b31c-d1a046ced15d}" />
      </AppModuleRoleMaps>
      <LocalizedNames>
        <LocalizedName description="Component Life Cycle" languagecode="1033" />
      </LocalizedNames>
      <Descriptions>
        <Description description="Learn component life cycle for PCF code component. This solution is part of the book &quot;Extending Microsoft Power Apps with Power Apps Component Framework." languagecode="1033" />
      </Descriptions>
    </AppModule>
  </AppModules>
  <EntityDataProviders />
  <Languages>
    <Language>1033</Language>
    <Language>1081</Language>
    <Language>1036</Language>
    <Language>3082</Language>
  </Languages>
</ImportExportXml>